Oferta,Cena,Uzytkowanie,Miejsce,Data,Link do oferty
Buty Turfy adidas mundial team copa 44 2/3 gwarancja,199,Używane,Radom , 18 lutego 2023,https://www.olx.pl/d/oferta/buty-turfy-adidas-mundial-team-copa-44-2-3-gwarancja-CID87-IDTcrGJ.html
Korki Adidas Copa Mundial rozmiar 44 2/3,170,Używane,Tarnowskie Góry , 07 marca 2023,https://www.olx.pl/d/oferta/korki-adidas-copa-mundial-rozmiar-44-2-3-CID87-IDTuvCr.html
Korki Adidas Copa Mundial,210,Używane,"Wrocław, Stare Miasto ", 12 marca 2023,https://www.olx.pl/d/oferta/korki-adidas-copa-mundial-CID87-IDOWcsx.html
Nowe buty Adidas mundial goal 20 TR copa team kaiser 5,500,Nowe,"Kraków, Podgórze ", 09 marca 2023,https://www.olx.pl/d/oferta/nowe-buty-adidas-mundial-goal-20-tr-copa-team-kaiser-5-CID87-IDOylYW.html
"Kultowe buty ""korki"" ADIDAS Copa mundial FG, kilka rozmiarów",315,Nowe,Tychy , 20 lutego 2023,https://www.olx.pl/d/oferta/kultowe-buty-korki-adidas-copa-mundial-fg-kilka-rozmiarow-CID87-IDFsEAh.html
"Buty Adidas Copa Mundial Rozmiar 44 2/3 28,5 cm",250,Używane,"Poznań, Jeżyce ", 13 lutego 2023,https://www.olx.pl/d/oferta/buty-adidas-copa-mundial-rozmiar-44-2-3-28-5-cm-CID87-IDT8w3t.html
Korki Adidas Copa Mundial rozmiar 44,190,Używane,Tarnowskie Góry , 06 marca 2023,https://www.olx.pl/d/oferta/korki-adidas-copa-mundial-rozmiar-44-CID87-IDTuvAC.html
buty piłkarskie korki adidas  COPA MUNDIAL,349,Nowe,Toruń , 02 marca 2023,https://www.olx.pl/d/oferta/buty-pilkarskie-korki-adidas-copa-mundial-CID87-IDS7Fzi.html
Adidas Mundial copa,90,Używane,"Warszawa, Bielany ", 20 lutego 2023,https://www.olx.pl/d/oferta/adidas-mundial-copa-CID87-IDRpvtP.html
Title not found,999999,Usage not found,Place not found,Date not found,Link not found
